Title,Sentiment Score
Tesla stock reaches new record high after bullish analyst report,0.8
Laser Breakthrough Could Speed the Rise of Self-Driving Cars,0.8
"Breakthrough Brings Insect Communication One Step Closer To AI, Self-Driving Cars",0.8
Autonomous car breakthroughs featured at CES gadget show (Update),0.8
CES Show Highlights Autonomous Car Breakthroughs,0.8
The Fourth Industrial Revolution: what it means and how to respond,0.6
The Big Picture Archives,0.5
Legal breakthrough for Google's self-driving car,0.8
Tesla co-founder Marc Tarpenning: “Self-driving technology is clearly on the cusp of a major breakthrough,0.8
5 New Technological Breakthroughs In Self-driving Vehicles,0.8
The 18 biggest breakthroughs for self-driving cars expected by 2030,0.8
A breakthrough in miniaturising lidars for autonomous driving,0.8
Nissan to use NASA-developed tech to accelerate timeline of driverless cars,0.8
"Nissan CEO Carlos Ghosn announces at CES breakthrough technologies and partnerships to deliver zero-emissions, zero-fatality mobility",0.8
From wireless connectivity to future of insurance: Montréal gains a reputation for expertise in the fast-growing autonomous vehicle market | Innovation Development MTL | ID MTL | English,0.8
Tesla’s New AI Guru Could Help Its Cars Teach Themselves,0.75
Hackers Are the Real Obstacle for Self-Driving Vehicles,0.2
Apple Makes Autonomous Driving Breakthrough,0.8
Hyundai celebrates driverless breakthrough,0.8
Peter Thiel-backed Palo Alto startup claims self-driving sensor breakthrough,0.75
The Technology That Can Turn the Bus Around,0.7
Elon Musk’s Bombshell Tweets About Taking Tesla Private Trigger SEC Review,0.4
"Tesla’s stock price falls, wiping out Elon Musk’s tweet-fueled rally in just two days",0.2
Isuzu taps Nvidia for truck self-driving breakthrough,0.75
Velodyne Lidar to Present Breakthrough Technology for Autonomy and Driver Assistance at Consumer Electronics Show (CES) 2019,0.8
How regulations propel autonomous vehicle breakthroughs,0.8
"Breakthrough could enable infrared cameras for electronics, self-driving cars",0.8
"Tesla to enable cross-border importation, but to what extent?",0.5
5G provides breakthrough for driverless car tests,0.8
Stargazers make breakthrough for self-driving cars,0.8
Airless tyre manufacturers hoping for breakthrough in demand with autonomous driving vehicles,0.7
Tesla Cybertruck disappoints Wall St but finds support from EV community over price and features,0.5
Elon Musk's fortune hit after Tesla Cybertruck launch fiasco,0.2
Self-driving cars? This is the automotive fail of the decade,0.0
Bosch thinks its new lidar system is the breakthrough self-driving cars need,0.8
Manufacturers Are Struggling To Supply Electric Vehicles With Batteries,0.2
UM achieves breakthroughs in autonomous driving research – Macao SAR Government Portal,0.8
Tesla's Latest Tech Breakthrough Will Change Everything,0.9
Musk outlines output upgrades through efficiency,0.7
Aurrigo makes breakthrough in driverless pods technology,0.8
Chinese tech giant Baidu showcases fully automated driving,0.8
Army’s tech breakthrough: Small autonomous vehicles to trick enemy before tank ambush,0.7
Helm.ai Wins “Autonomous Driving Solution of the Year” Designation in 2020 AutoTech Breakthrough Awards Program,0.9
Electric vehicle battery cost officially dips under critical $100/kWh price point but there's a catch,0.6
"Apple is allegedly working on a passenger car, breakthrough battery tech",0.8
Exclusive: Apple targets car production by 2024 and eyes 'next level' battery technology - sources,0.75
Apple eyes autonomous electric car to rival Tesla with “breakthrough” battery,0.75
Elon Musk has a new title: world’s richest person,0.8
Bitcoin’s turn: Elon Musk updated his Twitter bio and triggered a surge in the crypto,0.7
Bitcoin: why a wave of huge companies like Tesla rushing to invest could derail the stock market,0.2
Global semiconductor shortage could stymie EV manufacturers in 2021,0.2
Elon Musk loses world’s richest title. One tweet costs him $15 billion,0.2
Bitcoin: Elon Musk loses world's richest title as Tesla falters,0.2
Can Xiaomi repeat its smartphone exploits with electric vehicles?,0.5
Deep Learning for Autonomous Driving: A Breakthrough in Urban Navigation,0.8
Xpeng puts into production what Elon Musk calls ‘fool’s errand’,0.4
Breakthrough New Lidar Technology Gives Argo AI the Edge in Autonomous Delivery and Ride-Hail Services,0.8
Self-driving technology company Argo AI makes lidar breakthrough,0.8
Dogecoin’s value is soaring. Is it time to take it seriously?,0.7
A Promising Breakthrough in LiDAR Sensors in Korea could be a huge benefit to Apple's Project Titan and Autonomous Vehicles in General,0.8
Elon Musk Just Tanked His Second Cryptocurrency in a Week,0.1
Elon Musk blames bureaucracy for Tesla's German Gigafactory delays,0.3
Extent of Elon Musk's influence on cryptocurrency; where is it headed?,0.5
‘Anonymous’ Hacking Group Threatens Elon Musk After Musk’s Tweets Affect Bitcoin Value,0.2
Breakthrough Technology Simulates Human Eyes’ Vision for Self-Driving Cars,0.8
5 Breakthrough EV Technologies to Enhance Driver’s Experience,0.8
WABCO and ZF unveil breakthrough technology for Commercial Vehicles,0.8
Tesla lobbying effort in India could result in EV import duties getting slashed,0.7
"Tesla turns Gigafactory Shanghai into its new ‘export hub,’ and July numbers are showing it",0.8
Exports to grid being capped at 4kw,0.4
Shiba inu took 14 months to hit a market value of $12 billion. It took dogecoin 6 times as long to reach that milestone.,0.7
"SOS please help, difference between tesla app reported net power export and what PGE bill says",0.2
"Tesla EV sales boom in Singapore, pushing rivals' models off the streets",0.8
Tesla CEO Elon Musk’s net worth crosses $300 bn-mark; challenges WFP director David Beasley,0.7
"Tesla launches new solar roof tiles with more power, higher efficiency",0.8
VW CEO explains why it needs to be more like Tesla: Giga Berlin will produce 90 cars/hour on 1 line,0.7
Elon Musk: Tesla boss sells $5bn of shares after Twitter poll,0.5
Elon Musk Sells Additional Tesla Stock Worth More Than $1.2 Billion,0.5
JPMorgan Fights Tesla Over Warrants,0.4
"Toyota Is The Gold Standard In Production Efficiency, Is Tesla Catching Up?",0.75
Why Tesla (TSLA) Skyrocketed During the Pandemic,0.8
Tesla in 2022 is going to be about growth and battery cells,0.75
"Volatility Ruled Crypto Markets in 2021, From $69K Bitcoin to Elon Musk’s ‘Dogecoin to the Moooonn’",0.6
Explainer: How Tesla weathered global supply chain issues that knocked rivals,0.7
Tesla exporting Model 3 from China to Europe with Glovis,0.7
How Long Does It Take for a Tesla Gigafactory to Build a Model Y?,0.5
Explainer: Why there are no Tesla cars in India yet,0.5
Cadillac’s Latest Autonomous Concept Hints at a Breakthrough,0.8
Is Dogecoin’s Performance Dependent On Elon Musk’s Mood? - Meme Stock Maven,0.5
Tesla's Unbelievable Factory Efficiency Deserves More Attention,0.8
"Autobrains nabs $19M, bringing its Series C to $120M, to take on Mobileye in autonomous driving tech",0.8
Breakthrough in LiDAR Technology Allows for Cheaper Autonomous Vehicles,0.8
Elon Musk proposes to buy Twitter for $43 billion and make it his private property,0.5
India says Tesla should not import cars from China for domestic sale,0.4
Elon musk sells billions of dollars in Tesla shares,0.4
"Supply chain constraints could limit electric vehicle adoption, Elon Musk says",0.3
Tesla's Shanghai plant sees first vehicle exports since resuming production,0.7
Tesla blames China lockdowns & supply disruption for Q2 woes,0.2
The world needs 2 billion electric vehicles to get to net zero. But is there enough lithium to make all the batteries?,0.4
Tesla aims to start 4680 battery cell production at Gigafactory Texas this quarter,0.7
Race to Net Zero: The Pressures of the Battery Boom in Five Charts,0.5
Panasonic to increase EV battery production for Tesla by 10%,0.7
Report: Panasonic To Boost Production At Tesla Gigafactory In Nevada,0.8
"Lucid Air Pure undercuts the Model S in price and efficiency, and it's nearing production",0.75
"Tesla opens Model Y orders in Taiwan, vehicles expected to be imported from Giga Berlin",0.7
Wayve is driving forward into the AV2.0 future,0.8
A London company has developed a breakthrough in self-driving car tech,0.8
Automotive & Transportation Technology Innovators Honored in Third Annual AutoTech Breakthrough Awards Program,0.8
Power spike: How battery makers can respond to surging demand from EVs,0.7
"Toyota struggles with EV shift, considers changing plans due to Tesla",0.3
"Tesla plans to import China-made electric cars to US, says questionable report",0.4
"Exclusive: Tesla has considered exporting EVs from Shanghai to U.S., Canada",0.6
Tesla mulls exporting China-made EVs to United States,0.6
Tesla’s Elon Musk rules out China exports to the US,0.4
Volkswagen's Upcoming Tesla-Rivaling Project Trinity Under Review,0.5
South Korean capital launches self-driving bus experiment,0.7
Seoul opens first self-driving bus route to coax public into warming up to driverless vehicles,0.7
Tesla Stock Heads For Worst Year Ever,0.1
Mercedes-Benz and Bosch Make Driverless Parking Breakthrough,0.8
How Will Magna's Breakthrough Lighting Change Driving Forever?,0.8
Tesla expands Model Y to Taiwan with tricky China imports in focus,0.6
"After $700 billion drop, angry Tesla investors say Elon Musk has ""abandoned"" them",0.1
Elon Musk Has Sold Nearly $40 Billion of Tesla Stock in 14 Months,0.4
Tesla Stock Down 50% On The Year: To Buy Or Not To Buy?,0.4
Tesla Stock Falls Despite Elon Musk's Search for New Twitter CEO,0.3
"Tesla has surpassed Apple as retail investors' favorite stock in 2022, research firm says",0.7
"'Big Short' Michael Burry Called Crash in Tesla Stock, Down Almost 70%",0.2
Stock Market News Today: Dow Rises 100 Points On Inflation Data; Tesla Stock Falls,0.55
Here’s How Tesla Stock’s 69% Crash In 2022 Compares To Other Slumping Stocks,0.2
Why Tesla Is One Stock I'd Avoid in 2023,0.2
Tesla stock marks lowest close in years as investors worry about Musk’s focus,0.2
Why Tesla Stocks Dropped So Much in 2022,0.2
Bitcoin beats Tesla stock in 2022 as BTC price heads for 60% losses,0.3
Tesla shares are down 70% for the year as Morgan Stanley cuts price target,0.1
"'Big Short' Michael Burry in 2022: Crash, Recession, Stocks, Tesla",0.2
Tesla's 2022 Stock Plunge Is Worth Most Automakers Combined,0.3
"Tesla Stock Fell 65% in 2022, Its Biggest-Ever Annual Decline",0.0
"Tesla stock closes out worst year ever with a 65% loss in 2022, wiping out more than $700 billion in market cap",0.05
Tesla stock: A look at a very bad 2022 for Elon Musk’s EV company,0.2
Tesla’s “Shanghai Panel” Heads to Texas and Attempts to Fix Cybertruck Production,0.6
Rocky ride: Tesla stock down 70% in 2022,0.05
Tesla Stock Falls After Deliveries Miss 2022 Target,0.2
Tesla shares plunge 13 percent on growth concerns,0.2
Tesla stock plummeted 12% in a single day. Here's why,0.1
Tesla Short Sellers Earned $15.7B In Profits In 2022,0.75
"Tesla stock is showing signs of 'retail exhaustion' as it undergoes a historic sell-off, research indicates",0.2
Tesla's stock lost over $700 billion in value. Elon Musk's Twitter deal didn't help,0.1
Tesla: A Stock for Our Times,0.8
Tesla says lower Model Y and Model 3 production costs behind its drastic 14% price reduction,0.7
"So, Just How Bad Was 2022 For US Investors?",0.2
Tesla turns up heat on rivals with global price cuts,0.7
Tesla (TSLA) Stock Declined 71% in 2022,0.0
Tesla posts record net income for fourth quarter of 2022,0.8
Elon Musk’s Epic Quest for LOLs Is Only Hurting Tesla,0.2
What Will Happen If Elon Musk Decides To Skip Twitter's $300 Million Loan Interest Payment Due This Month?,0.4
"In China, Tesla could win electric vehicle price battle – but lose the war",0.4
Renewable-energy development in a net-zero world: Disrupted supply chains,0.4
"Tesla's stock is on a crazy ride, with a stunning rebound from 2022's freefall. Here's a timeline of the drama that drove it, from Elon Musk's Twitter gamble to aggressive price cuts",0.55
Tesla's new Model S and Model X being imported into China as deliveries near,0.7
Tesla touts plans to halve vehicle production costs,0.7
Tesla to halve production costs for future models,0.8
Why Tesla’s move to 48-volt electrical architecture is an industry game changer,0.8
Ford Promises Next-Gen EV Truck Will Offer Self-Driving Highway Travel,0.8
Why Tesla Believes Ford And Toyota Can Learn From Its Redesigned Manufacturing Assembly Line,0.7
"Tesla Hyped a Tin Box for Three Days, Disappointed Everyone With the Cybercharger",0.1
"Model 2 priced at US$22,000 may look like smaller Model Y as Tesla plans for 2 million production rate at Giga Mexico",0.7
Tesla: World’s Greenest Large Company?,0.8
Tesla Exports Cheapest Model Y Yet from China to Canada,0.7
Tesla is rumored to be importing its new cheap Model Y variant in Canada from China,0.5
What you need to know about the Tesla stock split,0.5
What Makes Tesla's Giga Shanghai the Most Efficient Car Factory in the World,0.8
"China’s EV makers tout self-driving tech, but breakthroughs are years away",0.4
Tesla Rethinks the Assembly Line,0.7
"Tesla plans to build EV plant in India for domestic sales, exports",0.8
Tesla Model Y Long Range In Canada Is Now Officially Chinese Import,0.5
ISEE Wins “Autonomous Truck Of The Year” in 2023 SupplyTech Breakthrough Awards,0.9
Tesla’s Manufacturing Efficiency Will Continue To Surge: Report,0.8
"Tesla's Model, With 1.31 Million EVs, Shows How Companies Can Double Production",0.8
"Tesla changes its standard color, now Midnight Silver",0.5
Elon Musk Endorses Huge 2030 Crypto ‘Prediction’ That Could Trigger A Bitcoin And Ethereum Price Boom,0.8
Nasdaq 100 analysis: Tesla stock falls as price cuts hurt margins,0.2
Can Tesla still keep its lead?,0.5
Tesla Giga Shanghai shows off production efficiency--and cool food options--in new video,0.8
VW cuts sales outlook as EV competition heats up,0.2
AI-Enhanced night vision: A breakthrough for autonomous cars,0.8
Tesla Rolls Out One EV Every 40 Seconds At Gigafactory Shanghai,0.8
Tesla Rolls Out A Car Every 40 Seconds At Gigafactory Shanghai - Efficiency At Its Peak,0.9
"Despite reforms, mining for EV metals in Congo exacts steep cost on workers",0.2
Driving Innovation: Breakthrough AI Research Revolutionizes Autonomous Vehicles,0.9
Cost Analysis of Tesla Model Y: What Makes It Affordable,0.7
Tesla investors poised to recover $12k each from Musk’s “funding secured” SEC deal,0.7
Electric Vehicle Trends and Challenges for Industrial Real Estate,0.5
Tesla Turns Power Off at Giga Texas and Achieves New Milestone,0.8
Tesla is streamlining stages of electric vehicle production,0.7
Toyota takes Tesla gigacasting and improves its production efficiency 20% for new Lexus EV it will unveil in October,0.8
Tesla Reportedly Part Of EU Probe Into China-Made EV Imports,0.4
GPR Named “Sensor Technology Solution Of The Year” In 2023 AutoTech Breakthrough Awards Program,0.9
Tesla switches back to shipping Fremont-made cars to Canada,0.6
How Artificial Intelligence (AI) is Increasing Production Efficiency and Cutting Prices,0.8
"XPeng Announces Self-Driving Breakthroughs, Unveils New Car",0.8
Efficiency Behind Tesla Shanghai Gigafactory,0.7
Tesla to roll into South America with first steps in Chile,0.8
Tesla is furious it’s not in EU’s Chinese subsidy probe. Here’s why,0.3
"Tesla Turns to Indian Auto Parts Suppliers, Boosting Exports and Diversifying from China",0.75
"Tesla's Cybertruck feels like an SUV; price, lower driving range upset some",0.4
"CyberFlop: Cybertruck Launch Disappoints On Specs, Price Points",0.2
"With Little Revenue Expected, Cybertruck Could Dunk Tesla Stock",0.2
"Elon Musk had a bad week, but he'll probably recover (again)",0.6
"Elon Musk Confirms ‘Progress’ On Wild X Crypto Rumors—Triggering A Dogecoin Price Surge To Rival Bitcoin, Ethereum And XRP",0.8
Tesla Starts Digging Boring Company Tunnels Under Giga Texas to Efficiently Deliver Parts Directly to the Production Line Through Tunnels,0.8
Tesla Stock: How AI and Robotics May Change the Game,0.75
Are electric vehicles the solution for Ghana’s transport industry?,0.7
China's BYD overtakes Tesla in electric car sales as competition heats up,0.5
BYD: Chinese electric vehicle giant that has overtaken Tesla on sales,0.7
Investment bank agrees with Elon Musk on the true driver of Tesla’s stock,0.7
Tesla trumps BYD in China sales efficiency with real-time strategy,0.7
"Tesla's US market share now tops Volkswagen, Subaru, and BMW",0.8
Tesla's winter woes: A storm of challenges and disruption,0.2
"Markets News, Jan. 19, 2024: S&P 500 Closes at Record High as Tech Leads Broad Stock Rally",0.8
"South Africa ‘doesn’t make sense for Tesla’, says Elon Musk",0.2
What You Need to Know Ahead of Tesla's Earnings,0.5
Tesla delivers underwhelming earnings despite Cybertruck launch and high vehicle deliveries,0.2
Tesla shares drop 12% after sales growth warning,0.2
A different high-growth story: The unique challenges of climate tech,0.6
"Tesla Closes in on Toyota in California: The Battle for #1. Total EV Sales +46% in 2023, EV Share Hits 21%",0.8
Beijing urges breakthroughs in chips and quantum computing to command future,0.75
"Stock Market Marvels: Apple, Tesla, Nvidia among Aswath Damodaran’s ‘Seven Samurai’ that rescued US market in 2023",0.8
Will Tesla (TSLA) Stock Split In 2024? December Edition,0.5
"Now, Elon Musk-led Tesla’s rival VinFast wants India to reduce import duties on its electric cars",0.5
"(PDF) The cobalt and lithium global supply chains: status, risks and recommendations",0.5
"Apple's U-turn: After investing billions, Apple gives up on autonomous car in favor of AI",0.4
The Real Reason Toyota Isn’t Fully Committed To Electric Cars Yet,0.4
"Markets News, Mar. 4, 2024: Stocks Slump as Bitcoin Approaches $68K; Gold Closes at Record",0.55
Tesla's 2-day slump has stock hitting lowest since May 2023,0.2
Tesla Cybertruck Production Hits New Heights at Giga Texas: The Most Cybertrucks Ever Seen In the Giga Texas Parking Lot - Run Rate Likely Well Over 100 Per Day,0.8
"Cybertruck Basecamp rooftop tent disappoints: $3,000 Tesla accessory almost unrecognisable from original marketing",0.2
Tesla-battery maker Panasonic may add 4680 battery capacity to Kansas plant,0.7
A New Surge in Power Use Is Threatening U.S. Climate Goals (Published 2024),0.2
Tesla Downgraded On Weak Deliveries. This Bull Is Still Optimistic.,0.5
Mercedes Vision EQXX Outperforms Lucid And Tesla In Efficiency Again,0.8
India cuts import taxes on EVs in win for Tesla’s entry plans,0.8
India lowers EV import duty to attract Tesla investments,0.8
"Stellantis Ventures Invests in Breakthrough, Cost-effective LiDAR Technology for Advanced Driver Assistance Systems",0.8
"Tesla Is Confident FSD Beta V12 Hit a Breakthrough, It's Too Good for Your Own Safety",0.8
Tesla sales drop as competition in the electric vehicle market heats up,0.2
"As testing continues, Austin remains a catalyst for driverless car technology advancement",0.75
"Tamil Nadu, Gujarat, Maharashtra possible choices for Tesla's $3 billion plant in India",0.7
"How Tesla and its Chinese competitor compare, in 4 charts",0.5
"Tesla reports drop in auto sales, while Toyota sees US surge",0.5
'Tesla begins making cars in Germany for export to India this year',0.8
Tesla Giga Berlin is producing cars for India,0.8
Tesla gets ready to import German-made EVs to India | Mint,0.7
Tesla begins production of cars in Germany for India exports this year: Report,0.75
Tesla begins making cars in Germany for export to India this year -sources,0.7
Tesla begins car manufacturing in Germany for India exports this year,0.8
Tesla Begins Making Cars in Germany for Export to India This Year: Sources,0.75
Tesla shares down after report on company scrapping plans to build a low-cost EV,0.2
"News: Tesla begins making cars in Germany for export to India this year, say sources",0.7
Tesla making RHD cars in Germany for export; RM9.5 billion manufacturing plant in India planned,0.8
Tesla Cars To Be Available In India Later This Year,0.8
"Elon Musk bets big on Tesla, not cars",0.7
Tesla Begins Making Cars In Germany For Export To India This Year: Sources,0.75
Tesla’s market story is all about growth. That’s now in question,0.3
Is Tesla Stock A Buy Or A Sell As Negative Headlines Pile Up And A Q1 Delivery Miss Appears Likely?,0.2
Unboxing Innovation: How Tesla's New Manufacturing Method Will Transform the Industry,0.8
"Tesla’s Cybertrucks were ‘rushed out,’ are malfunctioning at astounding rate",0.1
Tesla making RHD electric cars for India in Germany,0.7
Top 10: Innovations in Electric Vehicles,0.8
"The Tesla Bot, a way to further improve margins?",0.7
"Stocks close lower as Middle East tensions, Treasury yields weigh",0.2
Tesla cuts 10% of its workforce in global efficiency drive,0.2
Elon Musk's Tesla is having a brutal 2024. Here's how it went wrong,0.1
Stock Market News: Tech Stocks Slide,0.2
Markets round-up: Escalating Middle East tensions deepen weekly slump,0.2
Tesla: What opportunities will Q1 earnings provide for its shares?,0.5
Tesla’s in its flop era,0.2
"Stock market today: Tesla surges 12%, stocks go nowhere amid earnings rush",0.6
"S&P 500 Forecast: SPX rises with earnings in focus, Tesla jumps",0.75
A made-in-China electric vehicle offers efficiency similar to Tesla Model Y,0.7
"Markets News, April 30, 2024: Dow Notches Worst Month Since September 2022; Eli Lilly, 3M Jump on Earnings",0.55
Stock Market News: Dow Drops,0.2
The Geopolitics of Tesla’s China Breakthrough,0.7
the announcement behind the gigafactory boom,0.7
Tesla’s Groundbreaking Dojo AI Chip Set to Revolutionize Automation and AI,0.85
Ex-Tesla member partners with Indian EV maker to produce 98.5% efficient e-motors,0.8
5 Key Areas Where Tesla Is No Longer Leading (and One Where It Kills the Competition),0.55
NREL Battery Supply Chain Database Maps Out the State of North America's Manufacturing Base,0.7
Chinese-Made Teslas Pour Into Canada as Biden Erects US Tariff Wall,0.4
Tesla’s Full Self-Driving Technology and the Robotaxi Network: A Financial Perspective,0.67
The advancement of artificial intelligence in biomedical research and health innovation: challenges and opportunities in emerging economies,0.75
Massive parts reduction is key to Tesla's manufacturing efficiency,0.8
China considers 25% tariff on foreign cars with large engines,0.3
2023 Tesla Impact Report Highlights,0.7
SAIC releases breakthrough base technologies - SHINE News,0.8
"Flipkart Grocery Rockets: 1.6X Growth, 50 pc EV Deliveries, and Tier II+ Domination",0.9
Cybertruck owner furious as armored glass cracked in ordinary rain storm: 'Disappointing',0.1
Elon Musk accused of selling $7.5 billion of Tesla stock before releasing disappointing sales data that plunged the share price to two-year low,0.1
LG Energy solution finalizes its battery gigafactory for Tesla and GM,0.8
Elon Musk accused of improperly selling $7.5 billion in Tesla stock before weak sales report,0.2
Friendshoring the Lithium-Ion Battery Supply Chain: Battery Cell Manufacturing,0.6
"Markets News, June 7, 2024: Stocks Slip After Strong Jobs Report; Treasury Yields Jump",0.5
Friendshoring the Lithium-Ion Battery Supply Chain: Final Assembly and End Uses,0.5
Steps Forward to Strengthen the Lithium-Ion Battery Supply Chain,0.75
Why Tesla Paid for Elon Musk’s Boring Company to Dig a Tunnel Under Giga Texas,0.5
Report Launch: Friendshoring the Lithium-Ion Battery Supply Chain,0.6
Tesla Presses EU for Lower Tariff on EVs Shipped in From China,0.5
Renault sets sights on sporty EVs for profit boost,0.7
Tesla Stock: How The SEC's Latest Elon Musk Investigation Could Hit Tesla,0.2
Decarbonizing logistics: Charting the path ahead,0.7
Ford makes major breakthrough,0.8
ExxonMobil and EV battery maker SK On sign MOU regarding U.S. produced Mobil™ Lithium,0.75
Blood in the EV Supply Chain,0.2
How the U.S. Government Can Support the Development of Domestic Production Capacity for the Battery Supply Chain,0.75
'It's Going To Be Tough': Hyundai On EV Competition In Second Half Of 2024,0.3
Tesla's Share of EV Market in US Drops Below 50% For First Time,0.2
Biden admin offers $1.2B loan to expand US battery supply chain,0.7
Insights into the Critical Materials Supply Chain of the Battery Market for Enhanced Energy Security,0.75
"Stock market news today: Tech stocks drubbed as Nasdaq sinks 2.7%, worst day since 2022",0.1
"Hyundai Motor, Kia to undergo portfolio restructuring amid possible Trump return",0.4
"Stock Market Today: S&P500 in biggest slump since 2022 as Alphabet, Tesla nosedive",0.1
Tesla’s Strategic Advances in Q2 2024: A Closer Look,0.8
"Stock Market News, July 24, 2024: Big Tech Selloff Slams Nasdaq With Worst Day Since 2022",0.1
"Markets News, July 24, 2024: Tech Rout Sends Stocks Sharply Lower; Nasdaq Has Worst Day Since 2022",0.1
US markets suffer worst day since 2022 as Tesla and AI stocks fall,0.1
Stock market today: Asian shares dive after a wipeout on Wall Street as Big Tech skids,0.1
"Stock market news today: Stocks smoked, Nasdaq falls over 3.5% in worst day since 2022 after Tesla, Alphabet trigger Big Tech sell-off",0.05
Stock Market News: Nasdaq Falls 3.6%,0.2
Nasdaq and S&P 500 log worst day since 2022 after Alphabet and Tesla fail to impress Wall Street,0.2
Stock market today: Nasdaq suffers worst day since 2022 as weak earnings spark steep sell-off,0.1
"Stock market has worst day since 2022 as Tesla, Google parent Alphabet sink",0.1
Tech Rout Erases Almost $1 Trillion From Nasdaq Composite,0.05
Tesla’s Strategy for Scaling Vehicle Production Amid Economic Uncertainty,0.5
"Tesla's main export hub in Shanghai reels from EU tariffs, weak EV demand",0.2
Tesla's bleak margins sink shares as Musk hypes everything but cars,0.2
"Nasdaq drops over 3% to post its worst day since 2022; Alphabet, Tesla, other tech stocks lead sell-off",0.1
Explained: Why did US stock market see worst day since 2022,0.2
Wall Street suffers worst day since 2022 as Tesla and Google earnings disappoint,0.1
"US stock market sees worst day since 2022 over Tesla, Alphabet quarterly results",0.2
"Ford EV losses mount, weighing on profits",0.2
Revolutionizing the EV Market: Tesla’s In-house Dry-cathode 4680 Battery Unveiled,0.8
How Tesla overcame the technical hurdles of its 4680 battery,0.7
"Wall Street today: S&P 500 set for worst day since 2022, tech-heavy Nasdaq crashes 3% on weak US jobs data",0.1
"Dow tumbles 1,000 points, S&P 500 posts worst day since 2022 in global market sell-off: Live updates",0.05
Lucid’s CEO details how its EV tech is king and why it will take competitors years to catch up,0.8
"Electric Car Wars: Who Will Win The Battle For The $30,000 EV?",0.5
Climate impacts of critical mineral supply chain bottlenecks for electric vehicle deployment,0.2
Lucid CEO expects Tesla to match Lucid Air’s present efficiency in 2032,0.5
Tesla faces lowest duty on Chinese-made cars exported to EU,0.6
EU to hit Teslas imported from China with 19% tariffs,0.2
EU cuts planned tariff on China-made Tesla vehicles: What does it mean for prices?,0.6
"Ford Broadens Electrification Strategy to Reach More Customers, Improve Profitability, Continue to Reduce CO2",0.75
Tesla Competitors: 7 Rival EV Stocks to Buy | Investing | U.S. News,0.7
Record EV sales in Q2 as new models boost competition and drive down prices,0.8
"As Twitter's Revenue Collapses By 84%, Tesla Bulls Fear Elon Musk Will Liquidate More Tesla Stock, Bringing Its Value Down For Everyone",0.05
China’s EV makers sell more vehicles at bigger losses in discount war,0.2
What if Nvidia Misses Earnings?,0.2
Autonomous Vehicle Market Report 2025: Industry Data & Insights,0.7
"Canada to impose 100% tariff on Chinese EVs, including Teslas",0.2
BYD overcomes China’s intense EV price war as record car sales lead to Q2 profit surge,0.8
"Tesla asked Canada to reduce tariffs on its EVs made in China, Reuters source says",0.5
Li Auto Misses Estimates as China EV Competition Squeezes Profit,0.2
Chinese EV maker BYD boosts net profit despite discounts,0.7
"Exclusive: Tesla asked Canada for lower tariff on China-made EVs, government source says",0.5
The Solar-Car Competition That Has EV Recruiters Buzzing,0.8
Tesla Gigafactories: Pioneering the Future of Sustainable Manufacturing,0.85
China claims breakthroughs in autonomous vehicles,0.7
Volvo Cars scales back margin and revenue ambitions,0.2
"Markets News, September 6, 2024: Stocks Tumble After Jobs Report, Led by Tech Selloff; Nasdaq Has Worst Week Since Early 2022",0.1
Securing Malaysia’s position in the global semiconductor supply chain,0.75
Massive Surge in Tesla Cybertruck Production at Giga Texas Signals Record Q3 Output,0.8
Metals-rich Kazakhstan seeks niche in battery supply chain,0.7
It’s Time to Reconsider Airline Stocks. Here Are Four Reasons Why.,0.7
Automakers change course on EV strategies,0.5
What Scared Ford’s CEO in China - WSJ,0.4
Tesla's 100 Millionth 4680 Battery Cell Milestone Paves the Way for the Future of Electric Vehicles,0.8
Forced and Child Labor Abuses Found in 75% of Lithium Battery Supply Chains,0.0
75% of the World's Battery Supply Chain at Risk of Violating Laws: Research,0.2
Infyos finds 75% of world’s battery supply chain at risk of violating laws on forced labour,0.2
75% of lithium-ion battery supply chain linked to human rights abuses,0.0
"Tesla unloads new Semi details: variants, efficiency, fleet data so far",0.75
Report: 75% of battery supply chain at risk of violating US and EU laws on forced labour,0.2
The LLM Car: A Breakthrough in Human-AV Communication,0.8
FACT SHEET: Biden-Harris Administration Takes Further Action to Strengthen and Secure Critical Mineral Supply Chains,0.75
EV market faces slower growth as global competition intensifies,0.2
Sustainable Business Practices and Profi tability: Balancing Environmental,0.7
Tesla Full Self-Driving v12.5 first impression: more natural but still dangerous,0.4
Volkswagen cuts forecasts again as demand wanes while EV competition ramps up,0.2
Tesla Shanghai plant exports 1 million made-in-China vehicles in less than 4 years,0.8
Tesla ships 1 millionth China-made car for export from Shanghai,0.8
Australia's Rio Tinto to develop lithium supply chain with UK firm,0.7
Tesla Stock Price Levels to Watch After EV Maker's 32% Third-Quarter Gain,0.8
Breaking China’s Hold on the Global Battery Supply Chain,0.7
"Rio Tinto, Green Lithium to develop Europe’s lithium supply chain",0.75
Tesla's quarterly deliveries disappoint ahead of robotaxi unveiling,0.4
"India, US sign pact to cooperate on critical battery mineral supply chains",0.7
Tesla Billionaire Elon Musk Issues $35 Trillion U.S. ‘Bankruptcy’ Warning—Predicted To Trigger A Bitcoin Price Boom,0.55
"Green Lithium, Rio Tinto sign MoU for lithium supply chain",0.7
Europe’s economic potential in the shift to electric vehicles,0.7
"A Tesla trader turned $65,000 into $306 million before losing it all, according to a lawsuit",0.2
Should You Buy the Dip in Tesla Stock After Q3 Deliveries Came Up Short?,0.45
Electric Vehicles: The Profit Puzzle for US Manufacturers,0.4
GM sees new vehicles and improving EV profitability driving continued growth,0.8
"Tesla Cybertruck: What to know about the truck's price, specs, range, and customer reactions",0.5
"General Motors Kills Battery Brand, Revives EV Profit Outlook",0.6
GM Pushes On With The Key To Its EV Future: Profits,0.7
"Kognic Selected as ""Autonomous Vehicle Innovation of the Year"" by the Auto Tech Breakthrough Awards",0.9
UbiRider Recognized With “Public Transportation Technology Solution of the Year” In 2024 AutoTech Breakthrough Awards Program,0.9
Tesla Robotaxi reveal: What to expect,0.7
Why Uber Stock Hit an All-Time High After Tesla's Robotaxi Rollout,0.8
Tesla shares plunge 6% despite mind-blowing Cybercab robotaxi reveal,0.4
The rise of Chinese auto brands in Europe,0.6
Tesla’s value drops $60bn after investors fail to hail self-driving ‘Cybercab’,0.2
"Foxconn flexes AI muscle, showcases breakthroughs in autonomous driving",0.8
Elon Musk’s Cybercab Event Was A Big Disappointment,0.2
Porsche sales plunge as Chinese competition heats up,0.2
Dragonfly Energy CEO Suggests Solution to Tesla’s Battery Production Challenges,0.7
"Asian companies to sustain global battery market leadership, S&P global predicts",0.7
Elon Musk’s Tesla Just Transferred ALL Its Bitcoin,0.5
GM makes a $625 million lithium-battery move to shore up its EV supply chain,0.75
Electric Vehicles May Be Struggling. G.M.’s Leader Is Still a Believer.,0.6
Have AI advances led to self-driving breakthroughs or a dead end?,0.5
"After Nevada lithium deal, GM eyes other sources for EV minerals supply",0.6
AI breakthrough in action detection technology,0.8
"GM will start making money on EVs this year, says CEO",0.8
GM invests $625M in lithium production capacity,0.75
GM Strengthens Lithium Supply Chain with US$625 Million Investment in Thacker Pass,0.75
Winning the Battery Race: How the United States Can Leapfrog China to Dominate Next-Generation Battery Technologies,0.75
How The US Can Solve Its Lithium Supply Problem In One Fell Swoop,0.7
Tesla Full Self-Driving is getting more dangerous as it gets better,0.4
"GM electric vehicles still not profitable, company sees 'progress'",0.4
Battery Owners: Why You Still See Small Energy Imports Despite a Full Battery,0.4
"Cybercab Has No Charging Port, But Tesla Promises 90% Wireless Efficiency",0.7
Risk assessment in lithium-ion battery circular economy in sustainable supply chain in automotive industry using gray degree of possibility in game theory and MCDM,0.5
"Tesla surprises with sales forecast and cost efficiency, shares jump",0.8
Tesla shares jump on third-quarter earnings even as expected revenue is lower,0.7
Tesla Shares Jump 22% After Robust Profit Increases,0.9
Why Tesla Makes Money On Electric Cars When Seemingly No One Else Can,0.7
"Nasdaq, S&P end higher as Tesla jumps, yields pull back",0.75
"Tesla’s Future Ambitions: Growth, Innovations, and Groundbreaking Strategies",0.8
Tesla’s price cuts worked – while keeping margins well above VW,0.7
Arkansas could be a lithium treasure trove,0.8
Ford’s CEO has been driving the competition’s EV for months—and doesn’t want to stop,0.7
U.S. greenlights major lithium mine in Nevada to challenge China’s supply chain dominance,0.7
The US EV battery supply chain just got a vital link with the first advanced electrolyte factory,0.8
"Automaker Ford weakens profit outlook amid price war, shares fall",0.2
"Ford tops Q3 earnings expectations, but EV losses take a toll on profits",0.5
GM CEO Mary Barra says there's so much EV competition in China that it's driving a price war that isn't sustainable,0.2
Xiaomi launches faster version of flagship EV in challenge to Tesla,0.7
Chinese EV maker BYD’s revenue beats Tesla for first time,0.7
China's BYD overtakes Tesla revenue for first time,0.7
BYD Revenue Eclipses Tesla for First Time as EV Giants Go Head to Head,0.7
Volkswagen stumbles in China as Germany's auto giants struggle to compete in the EV race,0.2
"Amazon earnings recap: Stock up after hours as company reports revenue, EPS beats",0.8
"Trending tickers: Microsoft, Meta, Starbucks, Super Micro and Stellantis",0.5
No Tesla dealership? No problem. Uruguayans import the EVs from China,0.7
Tesla Leads California EV Market with 54.5% Share Despite Rising Competition,0.8
Ford EV Plans Falter As GM EV Deliveries Surge,0.4
The Other Trump Trade That Is Worrying Markets,0.2
Why GM sees U.S. supply chain as key to electric vehicle leadership,0.7
Berlin-based Xavveo secures over €7.9 million to enhance autonomous vehicle safety,0.8
'Trump Trade': Election news leads to biggest 1-day stock market gain in 2 years,0.8
"Markets News, November 6, 2024: Stocks Surge to Record Highs After Trump Wins Election; Tesla, Banks, Crypto Among Big Gainers",0.8
"Trump Effect on EV Market: Tesla Shares Improve; Rivian, Lucid at a Disadvantage",0.5
"Rivian reassures investors with cost cuts, green credit sales amid weak EV demand",0.55
Tesla Reclaims $1 Trillion Market Cap For First Time Since 2022 In Huge Trump Run,0.8
Tesla hits a $1 trillion market cap after the stock rallies 27% following Trump's election win,0.8
Tata Motors navigates shifting sands in CV market with electric ACE expansion,0.7
Tesla China domestic sales and import figures for October 2024 released,0.5
EV industry watching Musk's role in tariff fixing,0.5
Tesla Needs New Strategies to Compete in China's EV Market,0.4
Trump tapped Elon Musk to oversee government efficiency. Here's how he's cut costs at his own companies.,0.6
"Trump may end the $7,500 EV tax credit. Elon Musk and Tesla would reap the rewards",0.55
"Trump killing the EV tax credit would hurt Tesla but be catastrophic for Elon Musk's competition, analysts say",0.4
A Powerful AI Breakthrough Is About to Transform the World,0.8
Exclusive: Trump's transition team aims to kill Biden EV tax credit,0.2
Europe's battery supply chain faces hurdles on path to self-sufficiency,0.3
Xiaomi raises EV deliveries goal again on surging demand,0.8
"For Decades, Installing E.V. Chargers Didn’t Pay Off for Retailers. Now It Does.",0.7
Xiaomi Reports 17.1% Gross Profit Margin & Shocking Growth from “Smart EV & Other New Initiatives” in Q3,0.8
Lithium’s Essential Role in EV Battery Chemistry and Global Supply Dynamics,0.6
Xpeng Earnings Beat Estimates As New EV Models Bolster Sales,0.8
Q-Series: Could China lead in the mass deployment of autonomous vehicles?,0.6
US EV industry set for boost as ExxonMobil and LG Chem strike lithium deal,0.8
"Ford to cut European jobs as EV shift, Chinese rivals take toll",0.2
LG Chem and ExxonMobil sign MOU for lithium offtake,0.75
"ExxonMobil and LG Chem Sign MOU for 100,000 Tons of Lithium Carbonate to Boost U.S. Critical Mineral Supply Chain",0.75
Decarbonizing lithium-ion battery primary raw materials supply chain,0.7
Unprofitable Chinese EV makers face ‘do-or-die moment’,0.2
Chinese EV Makers Are Not Doing Quite As Well As You Might Think,0.3
SK On bolsters battery material supply chain with new lithium hydroxide supply deal in Korea,0.75
Elon Musk Gets Trolled With Proposed Rebate for Electric Cars—Except Tesla,0.4
Gavin Newsom Sparks Anger With Proposed Tesla Move: 'Insane',0.2
"Gavin Newsom’s EV tax break would exclude Tesla, Musk responds",0.4
Tesla’s Robust Supply Chain in China Drives Unmatched Efficiency,0.8
China’s EV price war is so brutal that BYD is trying to pinch its suppliers,0.2
Weekend Money: Give up your career or work for £30 a day - the impossible choice facing women across UK,0.1
What Tesla's yo-yo-ing stock means for its future,0.5
California EV rebate plan takes aim at Trump’s tax credit cuts,0.4
EU Aid for EV Batteries Seeks to Stave Off Chinese Competition,0.5
California’s Proposed EV Rebate Excludes Tesla to Spur Competition,0.5
"Europe’s battery supply chain at a crossroads in terms of challenges, opportunities",0.5
Tesla's Next-Gen Vehicle Lead Engineer Spills the Beans About Production Cybercab,0.7
Stellantis and Zeta Energy Transform EV Battery Supply Chain,0.75
Systematic Risks of the Global Lithium Supply Chain Network: From Static Topological Structures to Cascading Failure Dynamics,0.2
Tesla Engineer Explains How The Cybercab Will Be So Cheap And Efficient,0.8
Tesla Stock Nears 400 For First Time Since 2022,0.7
"Tesla engineer explains how Cybercab two-seat design helps with efficiency, auto cleaning, and production",0.75
Tesla Fever Hits Reddit: Cybertruck and Tech Breakthroughs Ignite Investor Excitement,0.8
Opposition to lithium mines hampers green technology supply chain | Business,0.4
VinFast Auto's SWOT analysis: EV maker's stock faces growth hurdles amid expansion,0.4
Self-driving electric buses: a stunning technological breakthrough,0.8
"Honda, Nissan in talks to set up holding company, source says",0.6
"Honda, Nissan allegedly planning to start merger talks in light of EV competition: report",0.5
[News] Honda and Nissan Reportedly Enter Merger Talks Amid Rising EV Competition from China,0.5
EV Battery Supply Chain Sustainability – Analysis,0.5
"Tesla delivers electric semi trucks to another customer, confirms efficiency",0.8
Volkswagen Secures Lithium Supply with Patriot Battery Metals,0.75
Tesla Faces Declining Market Share in Europe Amid Rising Competition,0.2
Critical EV battery materials face a supply crunch by 2030,0.2
Lithium is Driving the EV Boom: Demand to Quadruple by 2030,0.8
Chinese Carmakers’ Profit Margins Squeezed Further in 2024,0.2
Tesla Exec Says 'We Will Be Ready' To Efficiently Produce Autonomous Vehicles As Shanghai Megafactory Nears Completion,0.8
Nio’s Mass Market Push Draws Scorn as EV Maker Promises a Profit,0.4
"Prices slashed again in China’s EV sector, threatening unprofitable carmakers",0.2
"Business trends, risks and companies to watch in 2025",0.5
"VW looks at digital architecture for rapid, local EV roll-out in China",0.7
"KEKIUS Memecoin surges by 2,600% following Elon Musk’s X Rebrand",0.8
A Recent Long Trip Convinced Me Never To Pay for Tesla-Like Self-Driving Tech,0.2
Tesla sales drop for the first time in 9 years. Profit fall may come next,0.2
Tesla's Annual Car Sales Slip for First Time as EV Competition Grows,0.3
Tesla stock slides after Cybertruck explosion. Will it hurt Elon Musk?,0.2
Battery makers enter 2025 in belt-tightening mode,0.3
How AI and Other Breakthrough Tech Will Leap Forward in 2025,0.8
Daily News Digest: Tesla's First Annual Sales Dip｜Daily News Digest｜2025-01-03｜web only,0.3
"Ugly Charts of US Auto Sales, 2024: Stellantis Spirals into Catastrophe, GM, Toyota, Ford, Honda Rise but far Below Peaks. Hyundai-Kia Sets Record. EV Sales +10% despite Tesla’s Dip",0.45
China challenges Tesla’s EV market dominance: Goliath vs. Goliath?,0.5
Robotaxis: 10 Breakthrough Technologies 2025,0.8
Tesla stock plummets as EV giant reports decline in annual deliveries for the first time,0.2
"Ford U.S. Retail Sales Grow at Double the Industry Pace in 2024, Led by Trucks, Hybrids, Electric Vehicles and Lincoln",0.8
Tesla's Energy Storage Deployments Hit New Highs In Q4 Even As Vehicle Deliveries Disappoint,0.55
We Tested Tesla’s Newest Self-Driving Software. This Is the Surprise.,0.6
Tesla vs. competition: How many BEVs did OEMs sell in the U.S. in 2024?,0.5
McKinsey: EV Growth Tests Raw Material Supply Chains,0.4
"Electrification, Supply Chain Targets Drive Interest in Nevada’s Lithium Potential",0.75
Non-lithium R&D leads recent U.S. battery supply chain announcements,0.6
China's economic and industry outlook for 2025,0.5
Volkswagen and Patriot's Bid to Supply EV Batteries,0.75
China’s discount war rolls on after 227 EV models slashed prices in 2024,0.4
Autonomous Driving Breakthrough: Imagry Announces New Release of Proprietary AI Driver Optimized for Efficiency and Scalability,0.8
How the Trump Administration can Support Lithium Independence,0.6
Mercedes-Benz Recalibrates Profit Goals As Electric Transition Looms,0.4
Volkswagen's Bid to Secure Lithium Supply for EV Batteries,0.6
BMW sparks up EV sales: i5 charges ahead with 310% surge,0.8
"Global Tech Event Unveils AI Breakthroughs, Flying Cars And PetTech: A Glimpse Of The Weird And Wacky",0.8
"Electric Vehicle Sales Jump Higher in Q4, Pushing U.S. Sales to a Record 1.3 Million",0.8
"The Tesla Cybertruck Was A Hit In 2024, But The Hype Is Fading",0.4
UK Collaboration Strengthens Lithium Supply Chain,0.75
Elon Musk praises the ‘exponential improvement’ he’s seeing in Tesla’s full self-driving software,0.8
How to future-proof our energy through battery production,0.75
Data reveals that Tesla’s FSD capabilities are still years away despite Musk’s claims,0.2
Altilium and Helm sign MoU to strengthen UK lithium supply chain,0.75
How Long Can Toyota Put Off Figuring Out EVs?,0.3
BMW Group Expands Circular Supply Chain for EV Batteries,0.75
EV Sales In China Are Fabulous! EV Sales In China Are Awful! Pick One.,0.5
XPENG CEO: “Elimination Round” Hitting in Chinese EV Market in 2025,0.4
I tried Tesla’s FSD Supervised on a demo drive—Here’s what I learned,0.6
Altilium and Helm sign memorandum of understanding to strengthen the UK’s lithium supply chain,0.75
"Polestar expects delayed profitability as EV demand weakens, competition intensifies",0.2
Tesla and BYD do battle as competition heats up in global BEV market,0.5
Tesla offers discounts on some Cybertrucks as EV competition heats up (TSLA:NASDAQ),0.4
"DOE Announces $996 Million Loan Guarantee to Ioneer Rhyolite Ridge to Advance Domestic Production of Lithium Carbonate, Boost U.S. Battery Supply Chain",0.8
Leaders in lithium economy share secrets of supply chain innovation and energy scale-up,0.75
Top 5 Lithium Producers Powering the Battery Market in 2025,0.7
UK's Pod Point Group warns of 2024 revenue miss on weak EV demand,0.2
Aramco's Commitment to Developing Lithium Supply Chain,0.75
Altilium and Helm partner to develop a sustainable domestic lithium supply chain in the UK,0.75
Intel Stock Keeps Climbing Amid Takeover Talk,0.75
Trump’s EV Policy Rollback Sparks Debate on Adoption Paths,0.4
It’s time to create a domestic supply chain for critical battery materials,0.7
Tata Motors looks to local battery play as EV competition rises,0.5
2023 Tesla Model Y Yearlong Review: How Does Full Self-Driving Work?,0.7
Trump is taking aim at electric vehicles. He may not have the power to change things all that much,0.4
"Trump signs executive order rolling back EV policies, state emissions rules",0.2
Trump’s plans to roll back Biden’s green spending spark industry confusion,0.4
China's Export Ban: Supply Chain Challenges on the Horizon,0.2
BMW joins Chinese EV makers in filing EU court challenge to tariffs,0.5
Leak Reveals Musk’s Doge Could Be About To Trigger A Bitcoin-Inspired Price Game-Changer,0.75
"BYD ranked first in car sales revenue in China even with average prices under $17,000",0.8
General Motors' EVs Are Finally Earning More Than It Takes To Build Them,0.8
Lithium Triangle supply chains,0.5
GM just hit a huge EV milestone as the auto industry faces a tumultuous year,0.6
GM’s electric vehicles are finally making money — sort of,0.6
GM EVs Are Profitable At Last,0.8
Tesla suing EU over tariffs on China-made EVs,0.3
Tesla’s Profit Fell Sharply Last Year,0.2
Tesla sees disappointing fourth-quarter earnings amid declining car deliveries,0.2
Could Aramco Break China’s Grip on Tech Supply Chains?,0.55
Tesla Challenges EU Tariffs on China-made EVs in Court,0.4
GM Wants To Sell More EVs Because It Isn't Losing Money On Them Anymore,0.7
GM's EVs Finally Earned More Than They Cost to Make in 2024,0.8
GM says its EV business has become ‘variable profit positive’—experts say true profitability is far out,0.4
Elon Musk Says 'Unsupervised Full Self-Driving Begins' As Tesla Can Now Drive Itself From Factory To Loading Docks,0.8
"Tesla commits to cheaper cars in first half, sees autonomous vehicles 'in the wild' in June",0.75
"Tesla steps up cost efficiency, technological innovation, product expansion",0.8
Tesla Files Lawsuit Against EU over Tariffs on Chinese EVs,0.3
Elon Musk admits that Tesla will have to replace old computers for FSD buyers,0.3
"I Used To Question Tesla FSD's Safety, But After This Latest Report The Numbers Don't Lie",0.8
"GM says its EVs are now ""profit positive""",0.8
"Trump's pulling a U-turn on EVs, but not much has changed — yet",0.4
"Electric Vehicle Statistics By Market Size, Charging Infrastructure and Facts",0.5
"Apple Stock Gains as Services Drive Earnings, Calming iPhone Slowdown Fears",0.75
Elon Musk Finally Admits That Teslas Don't Have What It Takes for Full Self-Driving,0.2
Elon Musk discusses Tesla FSD rollout challenges for Europe and China,0.5
Recycling lithium-ion batteries delivers significant environmental benefits,0.8
Recycling lithium-ion batteries cuts emissions and strengthens supply chain,0.8
An Old Promise About FSD Catches Up to Tesla,0.4
Top Five EV Stories of the Week,0.7
MIT names 10 breakthrough technologies to watch in 2025,0.8
China's Electric Vehicle Market Faces 2025 Challenges,0.3
"Tesla loses market share in Sweden, Norway as Musk looms large",0.2
The Urgency of Sustainable Lithium-Ion Battery Supply Chains,0.5
"Tesla’s sales drop double digits in the US’ biggest EV market, while others are growing",0.2
Tesla’s California sales decline as EV market expands,0.4
"Car Prices Face $3,000 Increase as Tariffs Hit Auto Sector",0.2
Tesla sales dive in California as competition intensifies and Musk’s politics heat up,0.2
How Elon Musk might win over his EV competitors,0.7
3 Surging EV Stocks Leaving the Competition in the Dust,0.8
Tesla's California Challenge: Registrations Dip As Competition Heats Up,0.3
"Stardust Power Clinches Major Lithium Deal with Sumitomo, Strengthening US Supply Chain Position",0.8
Tesla Sales Drop 12% In California But Still Crushes Competition,0.6
Ford’s electric F-150 Lightning is losing ground as its aging EV lineup faces new threats,0.2
Tesla (TSLA) Stock Keeps Falling: Are Trump’s Tariffs to Blame?,0.2
"Stock market today: Dow, S&P 500, Nasdaq recover as traders assess tariff developments, new jobs data",0.6
Ferrari to unveil its first EV this year as it reports strong rise in profits,0.8
Tesla FSD v12.6.3 is receiving acclaim from drivers,0.8
What’s Coming Next in Tesla FSD V14,0.7
"Toyota Boosts Earnings Guidance, to Set Up China EV Unit",0.75
"Ford projects mounting EV losses for 2025, Q4 profit up",0.5
Elon Musk's Diverse Business Portfolio and Its Implications for Cryptocurrency Markets,0.6
"Markets News, February 6, 2025: S&P 500 Inches Toward Record, Dow Dips as Investors Respond to Flurry of Earnings Reports",0.6
"Electric car sales: Tata, MG lead ‘power’ play, competition knocks at the gates!",0.7
"Volvo Cars warns 2025 will be turbulent and competitive, sales plunge",0.2
Top 5 EV stories of the week …,0.5
California’s surge in EV sales has stalled — so what happens to its landmark mandate?,0.3
Volvo adjusts production strategy amid market challenges and increased competition,0.4
Facing the tightening lithium supply challenge in 2025,0.2
This is the Chinese EV Ford’s CEO says it needs to beat ‘straight up in a street fight’,0.6
Ford Says It Will Lose Billions on Electric Cars in 2025,0.2
Tesla's China Sales Drop 11.5% as BYD Gains Market Share,0.35
Lithium’s Comeback in 2025: Will Surging EV Demand Fuel the Next Price Boom?,0.7
Tesla's European Decline: Musk's EV Giant Faces Struggles,0.2
Big tech earnings: Amazon beats expectations but share price falls,0.5
"Porsche will launch new gas-powered cars, because profits come first (for now)",0.2
Why Tesla Sales are Plummeting,0.2
Elon Musk is about to masterfully move the goalpost on Tesla Full Self-Driving,0.8
"Markets News, February 11, 2025: Dow Rises, Nasdaq Slips as Wall Street Mulls Tariffs, Powell Testimony",0.55
Blow for Europe as Chinese EV makers fan competition with new deals,0.4
BYD Takes EV War to Tesla With Free Smart-Driving Tech. Rival Stocks Drop.,0.6
Tesla Launches Full Self-Driving in Mexico,0.8
Tesla takes $180bn 'ding' to its valuation as competition from China heats up,0.2
Tesla FSD’s rollout in Mexico is a bigger deal than it seems,0.7
BYD God’s Eye More Advanced Than Tesla Full Self Driving (FSD)?,0.6
Elon Musk’s Tesla’s global market share drops: Fierce EV competition hits sales in Europe and China,0.2
Is Tesla's EV reign over?,0.3
Why BYD has Bet Big on Brazil for Lithium Supply,0.7
"In Colorado’s booming EV market, Tesla is losing ground to the humble Nissan Leaf",0.4
"DeepSeek, other startups to drive next wave of tech breakthroughs",0.8
What are the global EV market’s most successful brands?,0.7
China May Use Tesla FSD As Trump Trade War Bargaining Chip,0.4
"Trump’s 25% tariffs to hit Indian pharma, but US’ import dependence could soften blow: Jayant Dasgupta",0.5
Chinese EVs are 3 to 5 years ahead of the competition: BYD founder Wang Chuanfu | Fortune Asia,0.8
Study on the battery supply chain shows China’s global dominance – and options for Europe,0.5
"I Have $30K to Invest, But I'm Stuck Between Tesla and Rivian—Which One Wins?",0.5
Fraunhofer study measures China’s dominance in the battery supply chain,0.5
China to lead global EV competition in 3-5 years: BYD CEO,0.8
Rivian (RIVN) eyes first positive gross profit in Q4: Here’s what to expect from its earnings,0.7
Rivian reports first quarter of ‘positive gross profit’,0.8
"Japan's Suzuki trims India sales target amid competition, scales back EV launches",0.2
"CATL, Volkswagen to Collaborate on EV Batteries Amid Intensifying Competition",0.7
News India's customs duty cut opens the road for Tesla imports,0.8
Renault revs up revenue and profitability with new vehicle launches—defying auto industry setbacks,0.8
Rock Tech and Arcore Merge to Form Integrated European Lithium Supply Chain,0.75
Chinese Firm Halts Lithium Tech Exports as Global Supply Chain Shifts Accelerate,0.4
"Rivian (RIVN) hit its gross profit goal in Q4, now what?",0.7
Tesla to Import Cars from Germany For India?,0.5
Tesla India entry: Why Donald Trump has said it would be ‘very unfair’ for Elon Musk’s Tesla to set up a,0.4
China controls the entire supply chain for batteries,0.4
"Mercedes to cut costs by 10% as profits dip amid a plunge in EV sales. 'We are taking steps to make the company leaner, faster and stronger' says CEO",0.4
Electric-vehicle maker Rivian posts first gross profit as costs ease,0.75
Rivian Reports Profit but Cuts 2025 EV Sales Forecast,0.4
"Tesla to import cars from Germany, not China, as India plans take shape",0.6
"Rivian expects drop in EV deliveries in 2025, sees modest gross profit",0.4
This Week's Top Five Stories in Supply Chain,0.5
"Italy investigates Stellantis, Tesla, VW and BYD over EV consumer info",0.2
"FTSE 100 almost flat, US stocks lower as earnings season draws to a close",0.4
Rivian records first gross profit as EV policy risks loom,0.5
Rivian posts $170M profit in Q4 but forecasts lower sales for 2025,0.5
New Tesla Model Y Test Drive With FSD 13: Getting Closer To Waymo?,0.75
Global Market Turbulence Triggers Record Wealth Declines for Adani and Musk in 2025,0.2
China EV makers beyond BYD find road to profitability,0.75
"Stock market today: Nasdaq, S&P 500 slide as tech lags after Trump backs tariff plans",0.2
Tesla Prepares to Deploy Long-Awaited FSD Features in China,0.7
"S&P 500 slides for a fourth day after consumer confidence data disappoints, Nasdaq drops 1%: Live updates",0.2
"Tesla hints at India market debut amid evolving EV policy, cost concerns",0.6
"Tesla updates autopilot software in China, owners say move falls short of hopes",0.4
"Tesla’s FSD Update In China Falls Short, According To Reports",0.2
"Electric Vehicle Sales Surge In Europe, Except For Tesla",0.6
Tesla Moves One Step Closer to Self-Driving Cars in China,0.8
Rivian reports record-high gross profit of $170M in Q4,0.8
"Tesla sales crash in Europe, dropping 45% in Jan as EV competition heats up",0.2
Critical materials markets shake off Deepseek disruption and U.S. policy rollbacks,0.6
Tesla's European buyers turn away? Sales slide amid Musk's political controversy,0.2
"Tesla’s Stock Slide Wipes Out Billions, Market Cap Drops Below $1 Trillion",0.1
Tesla is hiring in India: Know what degrees and skills you need to land a job at Elon Musk's company,0.7
"Live: Trump slaps 25% tariffs on auto imports, warns EU and Canada will face 'far larger' levies if they ally",0.2
2025.2.8 (FSD 12.6.4 & 13.2.8) Official Tesla Release Notes - Software Updates,0.5
Tesla drivers are racking up fines using FSD in China,0.2
"Stock market today: Dow, S&P 500, Nasdaq slide after Nvidia earnings, economic data",0.2
"Markets News, February 27, 2025: Stocks Plunge as Nvidia Earnings Spark Tech Sell-Off, Investors Digest Latest News on Tariffs",0.2
"Tesla’s “FSD” in China is pretty good, but there is a catch",0.5
GM's electric gains face critical test as Trump targets EV subsidies,0.4
Why One Lithium Battery Per Truck Is Failing Multi-Shift Operations,0.2
"Rice researchers develop efficient lithium extraction method, setting stage for sustainable EV battery supply chains",0.8
Tesla Awaits Regulatory Green Light for FSD in Europe,0.5
Why a Chinese Gadget Company Can Make an Electric Car and Apple Can’t,0.55
Tesla FSD Test Drive In China Ends With 7 Fines In One Night,0.2
Geely unveils new G-Pilot as EV competition shifts focus to smart driving,0.7
Tesla Is Falling Behind in the European EV Market,0.2
"Markets News, March 3, 2025: Stocks Tumble as Trump Says Tariffs Set to Take Effect; Nvidia Plunges as Volatile Run Continues",0.1
"Nvidia Stock Slides Monday, Extending Post-Earnings Selloff",0.2
Elon Musk praises Tesla self-driving breakthrough ahead of huge vehicle update - 'This is epic!',0.9
Tesla’s FSD rollout in China hits roadblocks as drivers rack up fines,0.2
Tesla EV sales in China fell 49% in February,0.2
Tesla’s China Sales Plummet 49% in February as EV Competition Heats Up,0.2
"Stock market today: Dow sinks 650 points, S&P 500 wipes out post-election gains as Trump trade war intensifies",0.1
How Much Cheaper Are EVs Than Gas Cars in the Long Run?,0.7
"Trump’s Tariffs Set Off Day of Anger, Retaliation and Market Unease",0.2
Wall Street falls again as losses wipe out all post-election gains for the S&P 500,0.1
Nasdaq Index: Tech Stocks Tumble as Trade War Fears Shake Investor Sentiment,0.2
Tesla's China-Made EV Sales Drop 49% in February Amid Intensifying Competition,0.2
Stock Market Today: Dow Jones Rises Amid Tariff Talk; Nvidia Slides As Rivals Ready Earnings Reports,0.55
Tesla’s India Expansion: Strategy and Market Impact,0.75
Deloitte: Battery Supply Chain Sustainability is Evolving,0.7
"Stock market today: S&P 500, Nasdaq, Dow rally after Trump pauses Canada, Mexico auto tariffs",0.75
US eyes duty-free car exports to India as Tesla's entry nears: Report,0.6
Tesla Stock Dives over 5% after Baird Slashes Price Target over Production and Political Risks,0.2
How Tesla Uses Simulated Data to Improve FSD,0.7
"Tesla at risk of 95% crash, claims billionaire hedge fund manager",0.05
EVs Take 33.9% Share In The UK — Tesla Takes Two Of Top Three,0.8
Tesla's FSD In Europe Faces More Regulatory Delays,0.2
Tesla is flailing in China and the rapid rise of BYD is to blame,0.3
The Race to Autonomous Driving: Breakthroughs in AI and Robotaxi Technology,0.8
"Dow tumbles nearly 900 points, Nasdaq suffers worst day since 2022 as recession fears erupt: Live updates",0.05
Stock market today: S&P 500 tumbles most since 2022 as Wall Street mulls Trump economic pain threshold,0.2
Just How Bad is the Stock Market's Current Sell-Off?,0.2
"Markets News, March 10, 2025: Stocks Plunge as Tariffs, Talk of Recession Dent Sentiment; Tesla Tumbles to Lead Nasdaq to Worst Day Since 2022",0.1
"Stock Market News for Monday, March 10, 2025: Why Is the Stock Market Dropping; Trump Recession Fears; MicroStrategy, Tesla, Nvidia, DoorDash, More Movers",0.2
Tesla’s stock defied gravity for years. Is Elon Musk’s EV party over?,0.4
"Stock market today: Dow sinks 900 points, Nasdaq plunges 4% in worst day since 2022",0.05
Tesla’s Full Self-Driving faces a new hurdle in UK rollout plans,0.3
"Wall Street suffers ‘ugly’ sell-off amid US recession fears, as Musk’s Tesla falls 50% from all–time high – as it happened",0.1
These German EVs Set The Gold Standard For EV Ownership Satisfaction,0.9
"Tesla shares slide amid market sell-off on recession worries, tariff uncertainty",0.2
Global stocks tumble amid economic slowdown fears and Trump tariffs,0.2
Stocks Plunge as Recession Talk Gets Louder,0.1
"Togg’s path to growth, its financial landscape",0.6
Global stock markets register heavy falls as White House tries to talk up Trump tariffs,0.2
Trump updates: US stocks plunge as tariff uncertainty fuels recession fears,0.1
Wall Street plummets over Trump recession fears,0.1
"Stock market today: Nasdaq heads for worst day since 2022, Dow sinks 1,000 points as stock sell-off intensifies",0.05
The High-Speed Chase for Stability: Tesla Investors Demand Musk’s Return,0.4
"Tech's $750 bn meltdown: Apple, Tesla, Meta face record market bloodbath",0.05
"Cathie Wood Buys the Dip in Tesla, Palantir, Coinbase and Others as Tech Stocks Plunge",0.6
Global stocks slide as markets get spooked by US recession fears and tariffs,0.1
"Markets News, March 11, 2025: Stocks Close Lower to Extend Sell-Off Amid Fresh Concerns About Tariffs, Economic Uncertainty",0.2
Why Tesla Stock Is Down: TSLA Price Sees Biggest Drop Since 2020 as Elon Musk Focuses on Politics,0.2
Tesla Stock Just Had Its Worst Day In Years. Is It Time To Buy The Dip?,0.55
Tesla's Charging Empire Faces Headwinds As EV Market Stumbles,0.2
Rivian stock is roaring back to life—here’s why,0.8
Tesla stock prediction for 2025—here’s what Wall Street expects next year,0.5
Global EV Sales Up 50% in February 2025,0.8
Robust Assessments of Lithium Mining Impacts Embodied in Global Supply Chain Require Spatially Explicit Analyses,0.5
Sustainable Lithium Harvesting – Revolutionizing EV Supply Chains,0.8
Musk's Tesla Stock Plunge: A Perfect Storm of Factors,0.2
The Hilarious Reason Why Elon Musk Is Panicking Over Tesla Stock Value,0.6
"Stock market today: S&P 500 enters correction, Dow sinks 500 points amid Trump's latest tariff threats",0.1
Tesla SWOT 2025 | SWOT Analysis of Tesla,0.5
"Tesla working with Baidu to improve assisted driving system in China, sources say",0.7
"Markets News, March 13, 2025: Stocks Plunge Amid Political and Economic Uncertainty; S&P 500 Slides Into Correction for First Time Since 2023",0.1
Trump Administration Highlights: U.S. Stocks Have Worst Day of 2025 as Economic Fears Grow,0.2
America’s EV Sales Are Climbing Despite The Chaos,0.7
Breakthrough Technologies: Robotaxis Try to Win Users’ Trust,0.6
Does Musk's Tesla Enjoy Preferential Treatment to GM & Ford?,0.4
This could be Tesla’s next plan to recoup China market share,0.5
"Tesla, led by Elon Musk, warns of export retaliation due to new Trump tariffs",0.2
"Stock market today: Dow, S&P 500, Nasdaq close higher as Nvidia pops, Google slides",0.6
"Watch Tesla’s FSD tackle water cup challenge, dirt roads in China",0.7
Watch These D-Wave Quantum Price Levels After Stock Surges to Highest Level Since 2022,0.8
Tesla reveals Cybercab battery pack and range efficiency,0.75
"Markets News, March 17, 2025: Stocks Close Higher as Market Extends Bounceback from Recent Selloff; Intel Continues Surging, Tesla Keeps Sliding",0.6
Tesla Rival Can Charge EV in 5 Minutes Flat. But You Won't See One in US,0.5
Tesla Stock Slides as Mizuho Trims Price Target on Weakening Demand,0.2
Tesla launches massive promotion in China for FSD,0.8
How government-issued credits have supported Tesla and other EV makers,0.7
"German auto woes deepen: Audi to cut 7,500 jobs by 2029 amid rising Chinese competition and EV slowdown",0.2
Tesla gets a price target cut from RBC as EV competition heats up,0.2
"Tesla stock falls again as Chinese rivals BYD, Xiaomi, and XPeng announce new updates",0.2
China automaker turns heads with EV it says charges in 5 minutes,0.8
Tesla Stock Slides Another 5% As More Firms Warn Of Musk-Led Company’s ‘Sales Woes’,0.1
Stock of the Day: Chinese Tesla rival BYD hits record high on new charging tech that it says takes just 5 minutes,0.8
"California Electric Vehicle Sales Rose to 22% Share in 2024, Dominated by (a Declining) Tesla",0.6
New British EV Startup Aims to Take Europe by Storm,0.8
10 Electric Vehicles Beating Gas Competitors in California,0.8
Tesla loses ground as Chinese EVs dominate global markets,0.2
BYD’s 5-Minute EV Charging: A New Era for Electric Cars or Just Hype?,0.5
Gravity may be finally catching up to Elon Musk as Tesla stock tumbles,0.2
"Markets News, March 20, 2025: Stocks Close Slightly Lower as Rebound Rally Stumbles; Accenture Plunges as Government Spending Cuts Weigh on Revenue",0.25
Why Nvidia Stock Is on Track to Have Its Worst Quarter Since 2022,0.2
The used Tesla market is crumbling,0.1
"EV Sales Were Up In February, But Tesla Keeps Falling",0.4
EV Market Monitor – February 2025,0.5
"Tesla Prepares Smaller, More Affordable Model Y to Compete With Chinese Rivals",0.6
BYD’s 5-Minute EV Charging: A New Era For Electric Cars Or Just Hype?,0.5
Automaker surpasses competitors with astounding EV production milestone: 'It's just a much better vehicle',0.8
New 'Wile E. Coyote' Wall Video Puts Tesla's FSD V13 to the Test,0.6
Tesla drivers face unexpected chaos with self-driving feature — and the financial toll is mounting,0.1
People keep putting fake walls in front of Teslas,0.5
YouTuber Recreates Mark Rober’s Fake Wall Test Using FSD Instead Of Autopilot With Surprising Results,0.7
Stock market today: S&P 500 snaps 4-week losing streak in latest volatile week on Wall Street,0.6
"Stock market today: Dow, S&P 500, Nasdaq trim losses as Wall Street grapples with tariff gloom",0.4
Chinese EV Charges Far Ahead of American Competition,0.7
"BYD’s Denza unveils N9 SUV to challenge Mercedes, BMW in premium EV segment",0.7
"If you’re thinking about selling your Tesla stock, read this first",0.5
Tesla Full Self-Driving is stagnating after Elon said it is going exponential,0.3
Russia Could Become A Lithium Powerhouse By 2030,0.7
2025.8.4 Official Tesla Release Notes - Software Updates,0.7
Tesla (TSLA) rolls back ‘Full Self-Driving’ trial in China amid new approval rules,0.4
"YouTuber tests Tesla’s FSD system, raises questions about detection capabilities",0.4
"Tesla FSD trial temporarily paused in China, report says",0.4
Elon Musk Interest: Wants to Buy Liverpool FC,0.7
Chinese EV giant BYD's fourth-quarter profit leaps 73%,0.8
Should You Buy The Dip In Tesla Stock In March 2025?,0.5
Chinese EV giant BYD surpasses rival Tesla with record 2024 revenue,0.8
China's electric carmaker BYD sales beat Elon Musk's Tesla,0.7
Tesla FSD Can Only Full Self Drive 0.07% of a Typical Trip,0.2
BYD’s net profit leaps 73.1% in fourth-quarter as Chinese EV maker sees boost from lower prices,0.8
Tesla forced to suspend China FSD trial under stricter update rules,0.2
Tesla pauses FSD free trial in China as it waits for regulatory approval,0.4
BYD overtakes Tesla to secure pole position in EV race,0.75
Another YouTuber Attempted To Fool Tesla’s FSD With A Fake Wall,0.4
"Tesla halts driving-assistance software trial in China, pending approval",0.4
BYD sales top Tesla as tech focus wins over Chinese drivers,0.7
Surprising China news sends Tesla stock soaring,0.8
"Volkswagen, BMW group electric cars outsell Tesla in Europe in February",0.67
"Volkswagen, BMW overtake Tesla in European EV sales as market share hits five-year low",0.4
"Tesla EVs still top the sales charts in Europe, but its market share has shrunk",0.5
"BYD's total revenue overtakes Tesla's, but there's still some way to go for the Chinese EV giant",0.6
"European car sales dip in February, EVs pick up but Tesla sales tumble",0.4
Tesla's February market share in Europe drops despite EV pickup,0.3
Tesla Forced To Halt FSD Trials In China Over New Rules,0.2
Tesla sales slump 40% across Europe as Elon Musk backlash grows,0.2
Tesla drops ‘FSD’ from name of its driver-assist tech in China,0.5
"BYD posts record revenue after unveiling 5 minute supercharger for electric vehicles, threatening Tesla",0.75
Tesla's sales and market share in Europe drop again in February,0.2
Chinese EV titan BYD annual sales hit $100 billion eclipsing rival Tesla,0.8
"Chinese electric vehicle maker BYD reports 2024 revenue over $100B, topping Tesla's sales",0.8
Tesla Europe Sales Crash 40% as Market Share Shrinks Again,0.1
Chinese EV giant BYD overtakes Tesla with annual sales topping $100 billion US,0.8
Tesla drops 'FSD' from name of its smart driving software in China,0.5
Tesla’s Europe sales drop nearly 45% amid row over Musk’s Trump links,0.2
Tesla’s EU Sales Plunged Again in February,0.2
Tesla (TSLA) Stock Price in 5 Years: Dropping Sales and Balance Issues Reshape Long-Term Outlook,0.2
"Lithium Market Insight 2025: Price Recovery, EV Demand, and the Future of Extraction – Exclusive Interview",0.7
Tesla’s stock is making a comeback. But it’s about to face a massive challenge,0.5
It’s the world’s hottest car company. You can’t buy one in America,0.6
Brussels prioritizes fair competition and tech leadership in EV push: European Commission,0.7
Tesla set for Saudi Arabia launch as European sales collapse,0.4
Tesla Stops FSD Free Trial in China Just One Week After Its Launch,0.2
Tesla's Model 3 Performance Improves FSD Comfort by Changing Ride & Handling Setting,0.75
"China’s BYD overtakes Tesla as the world’s top EV seller – Is this the end of Tesla’s reign, or can their",0.45
"Markets News, March 26, 2025: Stocks Slide Ahead of Trump's Auto Tariff Announcement; Tesla, Nvidia Lead Tech Sector Selloff",0.2
"EV competitors charge ahead amid Tesla protests, recalls and falling sales",0.35
Tesla hypes ‘unsupervised full self-driving’ launch in June: here’s what it will actually launch,0.4
Tesla’s Q4 2024 performance disappoints as its stock crashes,0.1
Auto stocks slide as US tariffs send 'fatal signal' for trade,0.1
"Tesla updates its ""FSD"" branding in China",0.5
The EV Charging War Just Escalated--And Tesla's Got Competition Across 25+ States,0.55
Tesla Removes ‘FSD’ Name From Its Autonomous Tech in China After Regulators Halt Program,0.2
Donald Trump updates: World leaders denounce new US auto tariffs,0.2
BYD thinks it can make more money than Toyota and it might be right,0.7
"Tesla (TSLA) is worth $130 due to weak fundamentals, strong competition, says HSBC",0.2
"Tesla FSD Banned In UK, Trial Ends In China After One Week",0.2
Powering Up Lithium Valley,0.75
Tesla's 30% Stock Drop: Will the Model Y Save the EV Giant?,0.4
Tesla's Damaged Brand Has Doomed FSD And Optimus (NASDAQ:TSLA),0.1
Semiconductor Industry News - March 2025,0.5
"Stock market today: Dow drops 700 points, S&P 500, Nasdaq sink as Wall Street reels from tariff, inflation fears",0.1
"EV Profitability Varies Wildly, Though One American Company Still Leads The Pack... For Now",0.55
Chinese Tesla owners take FSD v13 testing to the extreme on dangerous mountain roads and more (videos),0.6
Tesla Model 3 with Cybercab cameras caught testing FSD up north,0.7
"Stock market today: Dow gains 400 points, stocks reverse losses as markets cap worst quarter since 2022",0.7
"Stock Market News for Monday, March 31, 2025: The S&P 500 Rallied for the Day to End a Dismal Quarter",0.6
"Markets News, March 31, 2025: Stocks Recover From Early Selloff to Close Mixed; S&P 500, Nasdaq Wrap Up Worst Month Since 2022",0.4
S&P 500 marks its worst quarter since 2022 amid tariff and inflation fears,0.2
"Tesla plunges 36% in first quarter, worst performance for any period since 2022",0.0
Tesla Vs. BYD: Tesla Deliveries Due Amid Brand 'Destruction'; Earnings Jump For Fast-Charging Rival,0.45
Is Tesla's FSD full of it? Full Self-Driving forced into embarrassing rebrand,0.2
A Tesla Model 3 spotted probably testing for Unsupervised FSD for the Texas launch in June,0.7
Only Four EV Brands Are Profitable And Two of Them Might Surprise You,0.6
Tesla to Offer Early Access to New FSD Updates in Upcoming 'Early Access Program',0.75
"Trump tariffs live updates: Trump says reciprocal duties will cover all countries, plans Rose Garden event",0.5
Tesla Full Self Driving Supervised: Incredibly Good Except When It Isn’t,0.6
GM EV Sales Exploded In Q1 2025. But There's A Big Cliff Ahead,0.5
Tesla sales rout in Europe deepens amid anti-Musk protests,0.2
"GM posts 17% Q1 sales growth on strength in trucks, SUVs, and EVs",0.8
Is Tesla Stock A Buy Or A Sell As It Appears To Have Bottomed?,0.5
Tesla Mule Model 3 Spotted With Front Bumper Camera,0.5
"Tesla Rivals BYD, XPeng, Xiaomi Report Surging Deliveries As China EV Sales Roll In",0.8
BYD’s global EV takeover is far from over as overseas sales double to start 2025,0.8
GM is beating EV rivals by giving buyers more choices at lower prices,0.8
"General Motors' sales jump 17% in 1st quarter of 2025, with EV sales nearly doubling",0.8
Hybrid Electric Vehicle Team prepares for the EcoCAR EV Challenge,0.75
Trump tariffs live updates: Trump plans Rose Garden event as aides reportedly push for 20% tariffs,0.4
Washington’s EV sales far short of next year's state mandate,0.2
Tesla's China-made EV sales fall 11.5% y/y in March,0.2
Lithium Prices Drop—What It Means for EV Batteries & Global Supply Chains,0.5
News India pre-empts tariffs with import 'sweetener' for US cars and motorbikes,0.6
"2025 EV Sales So Far: GM Wins, Tesla Loses",0.5
US Carmakers Crush It On Q1 EV Sales (Except You-Know-Who),0.8
Tesla China-made EV sales fall 11.5% in March as competition rises,0.2
Electric Vehicle Rivalries Heat Up As XPeng Leads The Charge,0.75
Tesla Sales Drop to Lowest Since 2022 Amid Musk Backlash,0.2
Water Scarcity Threatens Lithium Supply for EV Batteries,0.2
"Markets News, April 2, 2025: Stocks Plunge in Extended Trading After Rising Ahead of Trump Tariff Announcement",0.2
Tech research firm once again predicts BYD will overtake Tesla in global BEV market share (for real this time),0.55
Tesla Stock: What To Expect With Their Delivery Numbers Report,0.5
Elon Musk took a chainsaw to the US government. Tesla is taking the hit.,0.2
"Global EV Sales — 1.2 Million Units in February, 49% Growth YoY",0.8
Gov. Moore’s executive order could delay fines for car companies as EV sales lag,0.4
"Tesla Launches FSD Early Access Program for AI4 Vehicles, It Comes With Strings Attached",0.6
Boeing Stock Sinks to 2 1/2-Year Low Amid Trump Tariff-Fueled Sell-off,0.1
Moore issues executive order that could delay EV sales penalties,0.55
Tesla expands Early Access Program (EAP) for early Full Self-Driving testing,0.7
Electric vehicle market growth stalls in Washington state amid falling Tesla sales,0.2
Tesla Europe shares FSD test video weeks ahead of launch target,0.7
"Tesla launches FSD Early Access Program in the US, here’s how to enroll your car in it",0.8
Nio Stock (NIO) Plummets as Chinese EV Competition Heats Up,0.2
Tesla celebrates key milestone for 4680 battery cell production cost,0.8
What EV sales slump? Illinois’ EV sales outpace the nation by 4:1,0.8
Trump strategy threatens critical mineral supplies for clean power,0.2
"Markets News, April 7, 2025: S&P 500, Dow Close Lower After a Wild Day of Trading Amid Tariff Uncertainty; Nasdaq Inches Higher",0.4
A Tesla Bull Spends A Day Testing Waymo In Phoenix,0.5
Donald Trump says he is not looking at pausing tariffs as US markets close after rocky day – as it happened,0.4
"Alibaba, China Tech Stocks Slide Further As Trump Threatens New 50% Tariffs On China",0.1
US tariffs on Chinese lithium battery materials create winners and losers in global supply chain,0.5
Warren Buffett’s decision to sit on $300B cash pile pays off — as 500 richest moguls lose half a trillion dollars,0.7
Britain to relax EV targets as automakers reel from tariffs,0.4
Global markets close after volatile day fuelled by U.S. tariff fears,0.2
"Goldman Sachs Cuts GDP Estimate, Raises Risk of Recession Amid Tariff Rout",0.2
"Stock market today: Dow, S&P 500, Nasdaq recover in stunning turnaround amid Trump tariff turmoil",0.7
Why Tesla Retail Investors Keep 'Undying Faith' When Vehicle Sales and Stock Sink,0.4
How Valens Semiconductor is Transforming Autonomous Driving with Breakthrough Chipsets,0.8
S&P 500 and dow close lower amid market turmoil over tariffs and inflation concerns,0.2
BYD Flags Bumper First-Quarter Profit as Sales Top 1 Million,0.8
Elon Musk’s Net Worth in 2025: Full Breakdown,0.5
Tesla China focuses on exports as Q2 begins,0.6
Elon Musk clashes with Trump as Tesla sinks 38% over China tariffs,0.2
"Markets News, April 8, 2025: Stocks Close Sharply Lower as High Volatility Persists Amid Concerns About Tariffs",0.2
"“Elon, we have a problem:” Tesla share of Europe car market falls by half",0.2
Elon Musk faces $134 billion blow in 2025: How Trump tariffs triggered a Tesla tumble,0.2
Aqua Metals Pioneers Domestic LFP Recycling with Breakthrough Bench-Scale Testing,0.8
Trump tariffs day 5 as it happened: US to proceed with extra 50% tariff on China; US stocks resume sell-off,0.2
"Trump tariffs live updates: US moves forward with 104% China tariffs, other 'reciprocal' duties",0.35
South Korea's Kia cuts EV sales target by more than 20% for 2030,0.2
"Tesla sells 74,127 cars in China in Mar, exports 4,701 from Shanghai plant",0.8
"Trump tariffs live updates: US has moved forward with 104% China tariffs, other 'reciprocal' duties go into effect",0.3
Tesla Teases FSD in Europe With New Video,0.7
Tesla Europe Market Share Declines By Staggering 50% in One Year,0.1
Trump tariffs live updates: China hits back by raising tariff on US goods to 84% after Trump's 'reciprocal' duties take effect,0.2
"Volkswagen's EV sales rise in Europe, plunge in China",0.5
"US Stock Market Live Updates | Dow Jones Today: Nasdaq, S&P rise 1% at open after China raises tariffs on...",0.55
"Volkswagen is ‘shifting into the fast lane’ as EV sales climb 59%, double in Europe",0.8
Another victim of Trump’s tariffs: California’s electric vehicle ambitions,0.2
Elon Musk’s Tesla Has Competition in Jeff Bezos’s Secretive EV Startup,0.5
Donald Trump blames 90-day tariff pause on people ‘getting afraid’,0.2
Musk’s Doge fired self-drive car safety experts at agency that regulates Tesla,0.2
Tesla’s Cybertruck now sells for far less than the expected $100K,0.7
"Automakers' share of China NEV market in Mar: BYD No. 1 with 29.3%, Tesla No. 3 with 7.5%",0.6
"I Couldn't See 100ft Ahead In My Cybertruck, But FSD Couldn’t See Anything Either, And Not a Single Car Showed",0.2
Trump tariffs live updates: EU matches Trump's 90-day pause on tariffs kicking in,0.5
Tesla launches in Saudi Arabia amid Chinese competition and tumbling sales,0.4
Polestar EV sales jump in Q1 on discounts like its ‘Tesla conquest’ bonus,0.7
VW profits down 40% as it sets aside cash for missing EV targets,0.2
New Tesla Features Coming: Tire Fill Assist and Routing Improvements,0.8
Trump tariffs live updates: US-China trade war reality sets in amid wider 'reciprocal' pause,0.2
"US stock market today: Major indexes tank - Dow Jones plunges over 900 points, Nasdaq and S&P 500 sink as investors sell off Tesla, Nvidia, bank stocks amid rising caution over rate fears and earnings pressure",0.05
U.S. Electric Vehicle Sales Increase More Than 10% Year Over Year in Q1: GM Drives EV Growth While Tesla Declines,0.7
Markets Soar After Trump Backs Down on Tariffs,0.8
Wall Street continues to sour on Tesla stock with the trade war set to weigh on the EV maker,0.2
EV maker Polestar lures disgruntled Tesla owners with discounts,0.5
Tesla Stock Booked Its Second-Best Day Gain Ever. Here's Why Analysts Cut Price Targets.,0.4
"Stock market today: Dow slides 1,000 points, Nasdaq, S&P 500 clobbered as stocks resume Trump tariff sell-off",0.05
NHTSA staffers evaluating the risks of self-driving cars were reportedly fired by DOGE,0.2
BYD Maintains Lead in China's NEV Market With 29.3% Share in March; Tesla Rises to No. 3,0.7
How EV makers in China are ramping up competition: No down payment and 5-year interest-free loans,0.7
Tesla Stock Took a Dive. 3 Big Problems Face the EV Maker.,0.2
"Tesla Stock Has More Downside in It, Says UBS",0.2
"Tesla: EV Market Pressures, Rising Competition, And Musk’s Branding Crisis (NASDAQ:TSLA)",0.2
Japan’s Shift from Lithium to Sodium Batteries: A Strategic Pivot in Energy Storage and Supply Chain Resilience,0.75
"China Mar NEV sales at 1,237,000, up 38.7% from Feb, CAAM data show",0.7
"China's GEM to Build Lithium Battery Materials Supply Chain in Indonesia With EcoPro, Local Miners",0.75
"Polestar Shuts Stores in China, Exits EV Sales Joint Venture",0.2
Tesla Charges into Saudi Arabia: EV Gamble or Grand Slam?,0.7
Tesla Halts Orders in China on U.S. Imported Models,0.2
Changan Auto Gains After Chinese Carmaker Forecasts Uptick in First-Quarter Profit,0.75
Tesla Suspends US-Made Car Sales in China After Tariffs Spike to 145%,0.2
"As Tesla EV Sales Dip, Lucid Looks To Expand And Tesla Enters Saudi Arabia",0.55
"Polestar shuts Stores in China, exits EV sales joint venture",0.2
Can Tesla Get Back Sales With Price Cuts?,0.5
Tesla U.S. Sales Plunge as G.M. and Others Make Gains,0.3
"Musk finally launches a new low-cost $70,000 Cybertruck—but Tesla fans and investors anticipate little demand",0.4
"New GM, Porsche and Honda EVs boost US sales: Here’s a look at the top sellers in Q1",0.75
"Tesla, Elon Musk make drastic decision amid U.S.-China trade war",0.4
EV Sales Jumped 10% in the First Quarter,0.8
Tesla adjusts referral program benefits in Canada and the U.S.,0.5
Trump Tariffs Highlights: US consumer sentiment plummets to 1952 levels as trade war with China continues to escalate,0.05
"Trump tariffs backfire on Elon Musk, as Tesla pulls U.S.-built models from China",0.2
"Tesla’s US sales are worse than what is reported, here’s more accurate data",0.2
See How Much Tesla Sales Have Slid in an EV Bull Market,0.2
Tesla Stock Has Had Another Wild Week. Shares Need to Hold This Level.,0.5
EV Sales In The U.S. Increased 11.4 Percent Last Quarter,0.8
"Tesla's moment of truth, Trump Media stock spikes, and Warren Buffett wins again: Markets news roundup",0.67
Tesla’s stock is set for a ‘death cross’ on Monday: 3 reasons why it’s a risky buy,0.2
U.S. EV Sales Shot Up 11% In Q1. Tesla Plunged 9%,0.55
"US EV Sales Jump In Q1, But The Biggest Losers Might Surprise You",0.6
US EV Sales Rise As Tesla Sales Fall,0.5
"Musk's Warning, Harley-Davidson's Boardroom Drama, Tesla's New Trim, EV Sales Surge, And More: This Week In Mobility - Harley-Davidson (NYSE:HOG), Tesla (NASDAQ:TSLA)",0.55
A Tesla Cybertruck Owner Says His Truck Kept Driving 90 MPH into a Construction Zone – Several Cybertruck Owners Share Their Struggles With FSD & Speed Limits,0.2
These were the best-selling EV brands in the U.S. in Q1,0.7
Tesla's Model Y and Model 3 remained top sellers in the U.S. in Q1,0.8
How tariffs could upend EV adoption in America,0.2
Tesla Stock Plummets 50%: More To Go?,0.1
China Starts Harnessing the Power of Its Massive EV Fleet,0.8
"CATL Q1 profit jumps 33% even as EV demand slows, battery prices fall",0.67
"Tesla Stock (TSLA) Could Face a Shocking Collapse of 95%, Warns Swedish Billionaire Christer Gardell",0.05
"FSD Unsupervised Already in Production at Tesla Gigafactory Texas, Cybertruck Included",0.8
"In Brazil, China's BYD sees chance to extend global lead in EV sales",0.7
Tesla Deploys Unsupervised FSD At Giga Texas To Move Cars From Factory To Lot,0.7
"Tesla sales keep slipping, but EV sales keep climbing – even WITHOUT incentives",0.6
U.S. electric vehicle sales surge despite Tesla’s decline,0.6
"As legacy of Ford fades in Brazil, China’s BYD looks to extend global lead in EV sales",0.55
Non-Tesla US EV Sales Up 472% vs. 2021!,0.9
BMW Extends Global Lead Over Mercedes as EV Sales Surge,0.8
Tesla stock climbs over 2% in early trading: why this analyst remains bullish,0.8
One Simple Charging Feature Could Could Boost EV Sales: Study,0.7
Tesla: Even More Bad News (NASDAQ:TSLA),0.0
"Tesla Shows Off Fully Driverless Model Y, Cybertruck at Giga Texas",0.8
Tesla Model Y & Model 3 Continue to Dominate US EV Market — But …,0.7
EV Sales Are In And One Best Seller Took A Major Hit In Q1,0.4
Tesla Stock Earnings Preview: What To Watch For Amid A Bumpy 2025,0.4
Tesla Loses Steam In Q1 While US EV Sales Climb: The Winners And Losers,0.4
Last month was best March since 2021 for auction sales & EV volumes hit all-time high,0.8
Global EV sales jump 40% in March despite tariff turmoil,0.7
"Volkswagen – Battery EV sales rise in Europe, plunge in China",0.5
Chinese EV battery giant CATL posts 33% surge in Q1 profit,0.8
Chinese EV battery giant CATL defies market dip with 33pc Q1 profit jump,0.8
"Tesla’s Stock Down 50%, And There Is Still More Trouble Ahead",0.1
PA Tesla FSD Crashes While Driver Sleeps,0.1
"S&P 500 and Nasdaq struggle for direction as markets weigh rate cuts, tariff risks",0.4
"Karsan results 2024: profit up 28%, electric bus sales reach 540 units",0.8
New report uncovers major trend in the used EV market — here's everything you need to know before selling your EV,0.5
Tesla (TSLA) begins the rollout of the 2025 Spring Release OTA software update (2025.14),0.7
Key Decisions in the Face of Adversity Have Helped Rivian Turn a Profit,0.8
The Biggest Winners From Tesla's Sales Slump,0.6
Global electric vehicle sales up 29% in 1st quarter,0.8
"Global electric vehicle sales up 29% in March, researchers find",0.8
"Global EV sales surge in Q1 2025, driven by strong demand in China",0.8
'Brand loyalty is becoming a bigger question': Tesla trade-ins up a staggering 250% in March as Americans turn on Elon Musk. Here's what this means for Tesla and competition in the EV market,0.2
Tesla trade-ins up 250% as Americans turn on Elon Musk. Here's what this means for Tesla and the EV market,0.3
Tesla's £7.9B Dilemma: Fix 4M Cars or Pay Up!,0.2
BMO Highlights Rollercoaster Trends In Canadian EV Sales,0.5
Auto Brands Leading the US EV Revolution — CHARTS,0.75
Tesla Vs. BYD: Tesla Brand 'Destruction' Takes Toll As Fast-Charging Rival Booms,0.35
Those reporting BYD overtook Tesla as top global electric vehicle maker are wrong,0.6
"With federal EV support uncertain, Oregon lawmakers consider revamping the state’s popular rebate to prioritize lower-income buyers",0.5
"Global EV sales climbed 29% in March, powered by China & Europe",0.8
"Trump tariffs live updates: Chips and pharma probes , hints at possible auto exemptions",0.45
Tesla's Market Share Declines Amidst Rising EV Competition - News and Statistics,0.3
Where next for the Tesla share price? 2025 is set to be a make or break year,0.5
Tesla quietly adds a stealthy new twist to its Autopilot system,0.7
The biggest winners from Tesla's sales slump,0.6
Tesla's struggling stock just saw a dreaded 'death cross' that could signal further losses,0.1
Wall Street Price Prediction: Tesla's Share Price Forecast for 2025,0.6
Rivian (NASDAQ: RIVN) Price Prediction and Forecast 2025-2030 for April 15,0.5
"How To Value Tesla, With Elon Musk Behind The Wheel",0.67
Global Electric Vehicle Sales Jump In March: What Country Leads In Sales?,0.8
Tesla's Q1 2025 Earnings Call: Top Investor Questions,0.5
Tesla Holds Top Spot in U.S. EV Market Despite Q1 Sales Dip,0.6
BMW Group surges ahead in EV sales,0.8
"Tesla Faces One Of The Most Expensive Recalls In Automotive History, Prepares To Replace FSD Computers in Nearly 4 Million Vehicles",0.2
Tesla Faces Q1 2025 Delivery Pressure as Pre-Market Stock Dips Below $251,0.2
Stocks fizzle after two-day rally driven by bank earnings and tech,0.4
Trump tariffs live updates: Bessent hopes for progress in 90-day 'pause' window as Trump presses China,0.5
EV Sales Increased by More Than 10% in the US Despite Tesla Sales Dropping,0.6
Elon Musk goes on Tesla self-driving propaganda spree ahead of TSLA earnings,0.2
Elon Musk continues to push optimistic goal for Tesla Full Self-Driving,0.7
"Tesla Sales Fall Globally, But Demand Grows In Ukraine Amid Price Drop",0.5
Tesla’s electric car dominance under threat by a wave of fresh EVs,0.4
"U.S. EV Sales Rise in 2025, but Tesla’s Dominance Slips",0.5
"China's Q1 GDP grows 5.4% y/y, beating expectations",0.7
"Elon Musk Says Your Tesla Will Drive From The Factory Floor To Your House “This Year,” Joe Rogan Becomes A Fan Of FSD, But The Cybercab Has Now Hit A Tariff Roadblock",0.67
The Auto Brands Electrifying Fastest in USA — Sales Charts (EXCLUSIVE),0.8
Tesla’s $500 Million headache: 4 million vehicles need self-driving computer upgrades,0.3
"Even as global EV sales rose 29% in March, Tesla lost in Europe & China",0.4
Chevrolet EV sales momentum building despite federal policy uncertainty,0.7
"Tesla halts US-made models in China, Xpeng eyes Europe sales: 7 EV reads",0.5
Tesla stock near ‘Death Cross’ after market volatility amid tariff uncertainty,0.2
GuGo slashes EV prices by over Rs1 million but why?,0.6
China drives global EV sales up 29% in Q1,0.7
"Tesla Stock Hits 'Death Cross' on Wall Street, But What Does This Mean For Elon Musk, EV Investors?",0.4
Beam Global Expands into Romania with First EV ARC™ Sales and Prestigious Innovation Award,0.8
Beam Global's EV Charging Systems Break Into European Market with Romanian Deal,0.8
"Beam Global Announces First EV ARC™ Sales in Romania, Supporting Renewable Energy Transition",0.8
Chilean Supply Wave Fuels U.S. Lithium Carbonate Decline in Early April,0.5
"2026 Subaru Solterra EV gets longer range, more power and other upgrades as competition heats up",0.75
Joe Rogan's Tesla Remark Takes Internet by Storm,0.5
"Tesla Touts FSD Capabilities, Elon Says Predicts Cars Will Soon 'Drive Itself Right To Your House'",0.8
Electric vehicle sales to grow 29% in 2025 — Rho Motion report,0.8
NEPRA slashes EV charging station tariff by Rs22,0.8
'Strategic advancement for the UK': £30m lithium chloride factory opens in Basingstoke,0.8
TSLA Q1 Earnings Preview: Can Energy Storage Offset Weak EV Sales?,0.5
Lyten Begins U.S. Production of Battery Grade Lithium-Metal as a Major Step in Expanding its U.S. Battery Supply Chain,0.8
SAIC Motor to join Huawei in new smart EV project to stem multi-year sales slump,0.6
Tesla Stock Eyes Breakout With Earnings on Deck,0.7
Thapar Institute Host the Third Round of BYD-ASDC EV Innovation Challenge,0.7
Tesla Sales Drop in Europe,0.2
Dialogue with Yuan Xiaolin from Volvo: Luxury is not just a pile of parameters; car companies must be responsible to users,0.7
BMW EV Sales Share Approaching Diesel In Germany,0.7
"Tesla's first-quarter registrations in California fell 15%, industry data shows",0.2
Lyten Begins U.S. Production of Lithium-Metal Foil for Next-Gen Batteries,0.8
Trump orders Section 232 probe of critical minerals,0.5
Tesla Slumps Below 50% Share of California’s Electric Car Market,0.2
Tesla Dives Because China Trade War Is New Problem for the Stock,0.2
Tesla’s Market Share in California Falls Below 50%,0.2
Tesla (TSLA) sales continue to slide in California,0.2
Tesla (NasdaqGS:TSLA) Reports First Quarter 2025 Vehicle Production & Delivery,0.5
Tesla Faces Setbacks As California Registrations Drop Dramatically,0.2
Tesla slumps below 50% share of California’s electric car market,0.2
Tesla continues California domination despite slide in registrations,0.6
Tesla’s Slide Could Derail California’s Clean Car Goals,0.2
Tesla registrations slump 15% in EV-loving California,0.2
"Dow Jones Today: Stocks Plunge as Fed Chair Powell Delivers View on Tariffs; Nvidia, AMD Lead Tech Rout as US Restricts Chip Exports to China",0.15
"Stock market today: Dow, S&P 500, Nasdaq smoked as Powell warns of 'challenging' tariff impact, Nvidia plunges",0.15
Tesla’s quarterly registrations drop 15% in key California market amid Elon Musk backlash,0.2
"Tesla's California electric car sales decline, market share slips under 50%",0.2
Tesla’s California Sales Tank Amid A Grim Quarter For The Top EV Brand,0.2
Tesla (TSLA) Stock Falls as California Sales Continue Six-Quarter Decline,0.2
Californians Reject Elon Musk As Tesla's EV Market Share Drops Below 50%,0.2
Tesla marks first unsupervised FSD drives,0.8
